ca | ca |  |  | Catalan | Catalan |  |  | 
AM | PM
de gener | de febrer | de març | d’abril | de maig | de juny | de juliol | d’agost | de setembre | d’octubre | de novembre | de desembre
de gen. | de febr. | de març | d’abr. | de maig | de juny | de jul. | d’ag. | de set. | d’oct. | de nov. | de des.
diumenge | dilluns | dimarts | dimecres | dijous | divendres | dissabte
dg. | dl. | dt. | dc. | dj. | dv. | ds.
dd/MM/yy | dd/MM/yyyy | d' / 'MMMM' / 'yyyy
HH:mm | HH:mm:ss | HH:mm:ss z
#,##0 | #,##0.### | #,##0% | ¤ #,##0.00

und |  |  |  |  |  |  | 
ar-AE | ar | AE |  | ârab (Unió dels Emirats Àrabs) | ârab | Unió dels Emirats Àrabs | 
ar-JO | ar | JO |  | ârab (Jordània) | ârab | Jordània | 
ar-SY | ar | SY |  | ârab (Síria) | ârab | Síria | 
hr-HR | hr | HR |  | croat (Croàcia) | croat | Croàcia | 
fr-BE | fr | BE |  | francès (Bèlgica) | francès | Bèlgica | 
es-PA | es | PA |  | espanyol (Panamà) | espanyol | Panamà | 
mt-MT | mt | MT |  | maltès (Malta) | maltès | Malta | 
es-VE | es | VE |  | espanyol (Veneçuela) | espanyol | Veneçuela | 
bg | bg |  |  | búlgar | búlgar |  | 
zh-TW | zh | TW |  | xinés (Taiwan) | xinés | Taiwan | 
it | it |  |  | italià | italià |  | 
ko | ko |  |  | coreà | coreà |  | 
uk | uk |  |  | ucraïnès | ucraïnès |  | 
lv | lv |  |  | letó) | letó) |  | 
da-DK | da | DK |  | danès (Dinamarca) | danès | Dinamarca | 
es-PR | es | PR |  | espanyol (Puerto Rico) | espanyol | Puerto Rico | 
vi-VN | vi | VN |  | vietnamita (Vietnam) | vietnamita | Vietnam | 
en-US | en | US |  | anglès (Estats Units) | anglès | Estats Units | 
sr-ME | sr | ME |  | serbi (Montenegro) | serbi | Montenegro | 
sv-SE | sv | SE |  | suec (Suècia) | suec | Suècia | 
es-BO | es | BO |  | espanyol (Bolívia) | espanyol | Bolívia | 
en-SG | en | SG |  | anglès (Singapur) | anglès | Singapur | 
ar-BH | ar | BH |  | ârab (Bahrain) | ârab | Bahrain | 
pt | pt |  |  | portuguès | portuguès |  | 
ar-SA | ar | SA |  | ârab (Aràbia Saudí) | ârab | Aràbia Saudí | 
sk | sk |  |  | eslovac | eslovac |  | 
ar-YE | ar | YE |  | ârab (Iemen) | ârab | Iemen | 
hi-IN | hi | IN |  | hindi (Índia) | hindi | Índia | 
ga | ga |  |  | irlandès | irlandès |  | 
en-MT | en | MT |  | anglès (Malta) | anglès | Malta | 
fi-FI | fi | FI |  | finès (Finlàndia) | finès | Finlàndia | 
et | et |  |  | estonià | estonià |  | 
sv | sv |  |  | suec | suec |  | 
cs | cs |  |  | txec | txec |  | 
sr-Latn-BA | sr | BA |  | serbi (Latin,Bòsnia i Hercegovina) | serbi | Bòsnia i Hercegovina | 
el | el |  |  | grec | grec |  | 
uk-UA | uk | UA |  | ucraïnès (Ucraïna) | ucraïnès | Ucraïna | 
hu | hu |  |  | hongarès | hongarès |  | 
fr-CH | fr | CH |  | francès (Switzerland) | francès | Switzerland | 
id | in |  |  | indonesi | indonesi |  | 
es-AR | es | AR |  | espanyol (Argentina) | espanyol | Argentina | 
ar-EG | ar | EG |  | ârab (Egipte) | ârab | Egipte | 
ja-JP-u-ca-japanese-x-lvariant-JP | ja | JP | JP | japonès (Japó,JP) | japonès | Japó | JP
es-SV | es | SV |  | espanyol (El Salvador) | espanyol | El Salvador | 
pt-BR | pt | BR |  | portuguès (Brasil) | portuguès | Brasil | 
be | be |  |  | bielorús | bielorús |  | 
is-IS | is | IS |  | islandès (Islàndia) | islandès | Islàndia | 
cs-CZ | cs | CZ |  | txec (República Txeca) | txec | República Txeca | 
es | es |  |  | espanyol | espanyol |  | 
pl-PL | pl | PL |  | polonès (Polònia) | polonès | Polònia | 
tr | tr |  |  | turc | turc |  | 
ca-ES | ca | ES |  | català (Espanya) | català | Espanya | 
sr-CS | sr | CS |  | serbi (Serbia and Montenegro) | serbi | Serbia and Montenegro | 
ms-MY | ms | MY |  | malai (Malàisia) | malai | Malàisia | 
hr | hr |  |  | croat | croat |  | 
lt | lt |  |  | lituà | lituà |  | 
es-ES | es | ES |  | espanyol (Espanya) | espanyol | Espanya | 
es-CO | es | CO |  | espanyol (Colòmbia) | espanyol | Colòmbia | 
bg-BG | bg | BG |  | búlgar (Bulgària) | búlgar | Bulgària | 
sq | sq |  |  | albanès | albanès |  | 
fr | fr |  |  | francès | francès |  | 
ja | ja |  |  | japonès | japonès |  | 
sr-BA | sr | BA |  | serbi (Bòsnia i Hercegovina) | serbi | Bòsnia i Hercegovina | 
is | is |  |  | islandès | islandès |  | 
es-PY | es | PY |  | espanyol (Paraguai) | espanyol | Paraguai | 
de | de |  |  | alemany | alemany |  | 
es-EC | es | EC |  | espanyol (Equador) | espanyol | Equador | 
es-US | es | US |  | espanyol (Estats Units) | espanyol | Estats Units | 
ar-SD | ar | SD |  | ârab (Sudan) | ârab | Sudan | 
en | en |  |  | anglès | anglès |  | 
ro-RO | ro | RO |  | romanès (Romania) | romanès | Romania | 
en-PH | en | PH |  | anglès (Filipines) | anglès | Filipines | 
ca | ca |  |  | català | català |  | 
ar-TN | ar | TN |  | ârab (Tunísia) | ârab | Tunísia | 
sr-Latn-ME | sr | ME |  | serbi (Latin,Montenegro) | serbi | Montenegro | 
es-GT | es | GT |  | espanyol (Guatemala) | espanyol | Guatemala | 
sl | sl |  |  | eslovè | eslovè |  | 
ko-KR | ko | KR |  | coreà (Corea del Sud) | coreà | Corea del Sud | 
el-CY | el | CY |  | grec (Xipre) | grec | Xipre | 
es-MX | es | MX |  | espanyol (Mèxic) | espanyol | Mèxic | 
ru-RU | ru | RU |  | rus (Rússia) | rus | Rússia | 
es-HN | es | HN |  | espanyol (Hondures) | espanyol | Hondures | 
zh-HK | zh | HK |  | xinés (Hong Kong) | xinés | Hong Kong | 
nn-NO | no | NO | NY | noruec (Noruega,Nynorsk) | noruec | Noruega | Nynorsk
hu-HU | hu | HU |  | hongarès (Hongria) | hongarès | Hongria | 
th-TH | th | TH |  | thai (Tailàndia) | thai | Tailàndia | 
ar-IQ | ar | IQ |  | ârab (Iraq) | ârab | Iraq | 
es-CL | es | CL |  | espanyol (Xile) | espanyol | Xile | 
fi | fi |  |  | finès | finès |  | 
ar-MA | ar | MA |  | ârab (Marroc) | ârab | Marroc | 
ga-IE | ga | IE |  | irlandès (Irlanda) | irlandès | Irlanda | 
mk | mk |  |  | macedoni | macedoni |  | 
tr-TR | tr | TR |  | turc (Turquia) | turc | Turquia | 
et-EE | et | EE |  | estonià (Estònia) | estonià | Estònia | 
ar-QA | ar | QA |  | ârab (Qatar) | ârab | Qatar | 
sr-Latn | sr |  |  | serbi (Latin) | serbi |  | 
pt-PT | pt | PT |  | portuguès (Portugal) | portuguès | Portugal | 
fr-LU | fr | LU |  | francès (Luxemburg) | francès | Luxemburg | 
ar-OM | ar | OM |  | ârab (Oman) | ârab | Oman | 
th | th |  |  | thai | thai |  | 
sq-AL | sq | AL |  | albanès (Albània) | albanès | Albània | 
es-DO | es | DO |  | espanyol (República Dominicana) | espanyol | República Dominicana | 
es-CU | es | CU |  | espanyol (Cuba) | espanyol | Cuba | 
ar | ar |  |  | ârab | ârab |  | 
ru | ru |  |  | rus | rus |  | 
en-NZ | en | NZ |  | anglès (Nova Zelanda) | anglès | Nova Zelanda | 
sr-RS | sr | RS |  | serbi (Serbia) | serbi | Serbia | 
de-CH | de | CH |  | alemany (Switzerland) | alemany | Switzerland | 
es-UY | es | UY |  | espanyol (Uruguai) | espanyol | Uruguai | 
ms | ms |  |  | malai | malai |  | 
el-GR | el | GR |  | grec (Grècia) | grec | Grècia | 
he-IL | iw | IL |  | hebreu (Israel) | hebreu | Israel | 
en-ZA | en | ZA |  | anglès (Sud-àfrica) | anglès | Sud-àfrica | 
th-TH-u-nu-thai-x-lvariant-TH | th | TH | TH | thai (Tailàndia,TH) | thai | Tailàndia | TH
hi | hi |  |  | hindi | hindi |  | 
fr-FR | fr | FR |  | francès (França) | francès | França | 
de-AT | de | AT |  | alemany (Âustria) | alemany | Âustria | 
nl | nl |  |  | neerlandès | neerlandès |  | 
no-NO | no | NO |  | noruec (Noruega) | noruec | Noruega | 
en-AU | en | AU |  | anglès (Austràlia) | anglès | Austràlia | 
vi | vi |  |  | vietnamita | vietnamita |  | 
nl-NL | nl | NL |  | neerlandès (Països Baixos) | neerlandès | Països Baixos | 
fr-CA | fr | CA |  | francès (Canadà) | francès | Canadà | 
lv-LV | lv | LV |  | letó) (Letònia) | letó) | Letònia | 
de-LU | de | LU |  | alemany (Luxemburg) | alemany | Luxemburg | 
es-CR | es | CR |  | espanyol (Costa Rica) | espanyol | Costa Rica | 
ar-KW | ar | KW |  | ârab (Kuwait) | ârab | Kuwait | 
sr | sr |  |  | serbi | serbi |  | 
ar-LY | ar | LY |  | ârab (Líbia) | ârab | Líbia | 
mt | mt |  |  | maltès | maltès |  | 
it-CH | it | CH |  | italià (Switzerland) | italià | Switzerland | 
da | da |  |  | danès | danès |  | 
de-DE | de | DE |  | alemany (Alemanya) | alemany | Alemanya | 
ar-DZ | ar | DZ |  | ârab (Algèria) | ârab | Algèria | 
sk-SK | sk | SK |  | eslovac (Eslovàquia) | eslovac | Eslovàquia | 
lt-LT | lt | LT |  | lituà (Lituània) | lituà | Lituània | 
it-IT | it | IT |  | italià (Itàlia) | italià | Itàlia | 
en-IE | en | IE |  | anglès (Irlanda) | anglès | Irlanda | 
zh-SG | zh | SG |  | xinés (Singapur) | xinés | Singapur | 
ro | ro |  |  | romanès | romanès |  | 
en-CA | en | CA |  | anglès (Canadà) | anglès | Canadà | 
nl-BE | nl | BE |  | neerlandès (Bèlgica) | neerlandès | Bèlgica | 
no | no |  |  | noruec | noruec |  | 
pl | pl |  |  | polonès | polonès |  | 
zh-CN | zh | CN |  | xinés (Xina) | xinés | Xina | 
ja-JP | ja | JP |  | japonès (Japó) | japonès | Japó | 
de-GR | de | GR |  | alemany (Grècia) | alemany | Grècia | 
sr-Latn-RS | sr | RS |  | serbi (Latin,Serbia) | serbi | Serbia | 
he | iw |  |  | hebreu | hebreu |  | 
en-IN | en | IN |  | anglès (Índia) | anglès | Índia | 
ar-LB | ar | LB |  | ârab (Líban) | ârab | Líban | 
es-NI | es | NI |  | espanyol (Nicaragua) | espanyol | Nicaragua | 
zh | zh |  |  | xinés | xinés |  | 
mk-MK | mk | MK |  | macedoni (Macedònia) | macedoni | Macedònia | 
be-BY | be | BY |  | bielorús (Bielorússia) | bielorús | Bielorússia | 
sl-SI | sl | SI |  | eslovè (Eslovènia) | eslovè | Eslovènia | 
es-PE | es | PE |  | espanyol (Perú) | espanyol | Perú | 
id-ID | in | ID |  | indonesi (Indonèsia) | indonesi | Indonèsia | 
en-GB | en | GB |  | anglès (Regne Unit) | anglès | Regne Unit | 

MRO | 478 | Mauritanian Ouguiya | MRO | 2
UGX | 800 | Ugandan Shilling | UGX | 0
MVR | 462 | Maldivian Rufiyaa | MVR | 2
LAK | 418 | Laotian Kip | LAK | 2
PGK | 598 | Papua New Guinean Kina | PGK | 2
GHC | 288 | Ghanaian Cedi (1979-2007) | GHC | 2
MGA | 969 | Malagasy Ariary | MGA | 2
BIF | 108 | Burundian Franc | BIF | 0
EEK | 233 | Estonian Kroon | EEK | 2
KHR | 116 | Cambodian Riel | KHR | 2
SEK | 752 | Swedish Krona | SEK | 2
TWD | 901 | New Taiwan Dollar | TWD | 2
MOP | 446 | Macanese Pataca | MOP | 2
CNY | 156 | Chinese Yuan | CNY | 2
NGN | 566 | Nigerian Naira | NGN | 2
XBB | 956 | European Monetary Unit | XBB | -1
RWF | 646 | Rwandan Franc | RWF | 0
PAB | 590 | Panamanian Balboa | PAB | 2
PEN | 604 | Peruvian Nuevo Sol | PEN | 2
SVC | 222 | Salvadoran Colón | SVC | 2
XDR | 960 | Special Drawing Rights | XDR | -1
ERN | 232 | Eritrean Nakfa | ERN | 2
AFN | 971 | Afghan Afghani | AFN | 2
LYD | 434 | Libyan Dinar | LYD | 3
ZWD | 716 | Zimbabwean Dollar (1980-2008) | ZWD | 2
OMR | 512 | Omani Rial | OMR | 3
XPF | 953 | CFP Franc | XPF | 0
XOF | 952 | CFA Franc BCEAO | XOF | 0
TMT | 934 | Turkmenistani Manat | TMT | 2
SDD | 736 | Sudanese Dinar (1992-2007) | SDD | 2
CRC | 188 | Costa Rican Colón | CRC | 2
UYU | 858 | Uruguayan Peso | UYU | 2
MXN | 484 | Mexican Peso | MXN | 2
GMD | 270 | Gambian Dalasi | GMD | 2
SCR | 690 | Seychellois Rupee | SCR | 2
ARS | 32 | Argentine Peso | ARS | 2
CHF | 756 | Swiss Franc | CHF | 2
DZD | 12 | Algerian Dinar | DZD | 2
XBA | 955 | European Composite Unit | XBA | -1
VEF | 937 | Venezuelan Bolívar | VEF | 2
KES | 404 | Kenyan Shilling | KES | 2
FRF | 250 | French Franc | FRF | 2
XXX | 999 | Unknown Currency | XXX | -1
IDR | 360 | Indonesian Rupiah | IDR | 2
XSU | 994 | Sucre | XSU | -1
AMD | 51 | Armenian Dram | AMD | 2
JPY | 392 | Japanese Yen | JPY | 0
BYR | 974 | Belarusian Ruble | BYR | 0
KYD | 136 | Cayman Islands Dollar | KYD | 2
TTD | 780 | Trinidad and Tobago Dollar | TTD | 2
ALL | 8 | Albanian Lek | ALL | 2
ADP | 20 | Andorran Peseta | ADP | 0
GRD | 300 | Greek Drachma | GRD | 0
STD | 678 | São Tomé and Príncipe Dobra | STD | 2
CAD | 124 | Canadian Dollar | CAD | 2
DKK | 208 | Danish Krone | DKK | 2
GIP | 292 | Gibraltar Pound | GIP | 2
LSL | 426 | Lesotho Loti | LSL | 2
HNL | 340 | Honduran Lempira | HNL | 2
IEP | 372 | Irish Pound | IEP | 2
THB | 764 | Thai Baht | THB | 2
XBC | 957 | European Unit of Account (XBC) | XBC | -1
BHD | 48 | Bahraini Dinar | BHD | 3
ZMW | 967 | ZMW | ZMW | 2
ATS | 40 | Austrian Schilling | ATS | 2
HUF | 348 | Hungarian Forint | HUF | 2
TOP | 776 | Tongan Paʻanga | TOP | 2
MDL | 498 | Moldovan Leu | MDL | 2
BOV | 984 | Bolivian Mvdol | BOV | 2
RUR | 810 | Russian Ruble (1991-1998) | RUR | 2
KGS | 417 | Kyrgystani Som | KGS | 2
FIM | 246 | Finnish Markka | FIM | 2
BYB | 112 | Belarusian New Ruble (1994-1999) | BYB | 0
XAF | 950 | CFA Franc BEAC | XAF | 0
GBP | 826 | British Pound Sterling | GBP | 2
GTQ | 320 | Guatemalan Quetzal | GTQ | 2
SDG | 938 | Sudanese Pound | SDG | 2
TZS | 834 | Tanzanian Shilling | TZS | 2
JMD | 388 | Jamaican Dollar | JMD | 2
WST | 882 | Samoan Tala | WST | 2
SRD | 968 | Surinamese Dollar | SRD | 2
XFU | 0 | French UIC-Franc | XFU | -1
BSD | 44 | Bahamian Dollar | BSD | 2
NIO | 558 | Nicaraguan Córdoba | NIO | 2
RUB | 643 | Russian Ruble | RUB | 2
MGF | 450 | Malagasy Franc | MGF | 0
SOS | 706 | Somali Shilling | SOS | 2
NZD | 554 | New Zealand Dollar | NZD | 2
PTE | 620 | Portuguese Escudo | PTE | 0
LBP | 422 | Lebanese Pound | LBP | 2
XBD | 958 | European Unit of Account (XBD) | XBD | -1
MWK | 454 | Malawian Kwacha | MWK | 2
TND | 788 | Tunisian Dinar | TND | 3
ROL | 946 | Romanian Leu (1952-2006) | ROL | 2
GEL | 981 | Georgian Lari | GEL | 2
IRR | 364 | Iranian Rial | IRR | 2
LTL | 440 | Lithuanian Litas | LTL | 2
VND | 704 | Vietnamese Dong | VND | 0
XPD | 964 | Palladium | XPD | -1
BBD | 52 | Barbadian Dollar | BBD | 2
QAR | 634 | Qatari Rial | QAR | 2
CUC | 931 | Cuban Convertible Peso | CUC | 2
SYP | 760 | Syrian Pound | SYP | 2
XTS | 963 | Testing Currency Code | XTS | -1
CSD | 891 | Serbian Dinar (2002-2006) | CSD | 2
XCD | 951 | East Caribbean Dollar | XCD | 2
ILS | 376 | Israeli New Sheqel | ILS | 2
KMF | 174 | Comorian Franc | KMF | 0
PHP | 608 | Philippine Peso | PHP | 2
CLF | 990 | Chilean Unit of Account (UF) | CLF | 0
SAR | 682 | Saudi Riyal | SAR | 2
BGL | 100 | Bulgarian Hard Lev | BGL | 2
IQD | 368 | Iraqi Dinar | IQD | 3
LRD | 430 | Liberian Dollar | LRD | 2
LKR | 144 | Sri Lankan Rupee | LKR | 2
PLN | 985 | Polish Zloty | PLN | 2
SSP | 728 | South Sudanese Pound | SSP | 2
ANG | 532 | Netherlands Antillean Guilder | ANG | 2
AED | 784 | United Arab Emirates Dirham | AED | 2
GWP | 624 | Guinea-Bissau Peso | GWP | 2
RON | 946 | Romanian Leu | RON | 2
CZK | 203 | Czech Republic Koruna | CZK | 2
SRG | 740 | Surinamese Guilder | SRG | 2
DEM | 276 | German Mark | DEM | 2
FKP | 238 | Falkland Islands Pound | FKP | 2
MKD | 807 | Macedonian Denar | MKD | 2
BTN | 64 | Bhutanese Ngultrum | BTN | 2
TRL | 792 | Turkish Lira (1922-2005) | TRL | 0
AYM | 945 | AYM | AYM | 2
CYP | 196 | Cypriot Pound | CYP | 2
MTL | 470 | Maltese Lira | MTL | 2
NLG | 528 | Dutch Guilder | NLG | 2
MZN | 943 | Mozambican Metical | MZN | 2
CLP | 152 | Chilean Peso | CLP | 0
HRK | 191 | Croatian Kuna | HRK | 2
UAH | 980 | Ukrainian Hryvnia | UAH | 2
BWP | 72 | Botswanan Pula | BWP | 2
ITL | 380 | Italian Lira | ITL | 0
KPW | 408 | North Korean Won | KPW | 2
DJF | 262 | Djiboutian Franc | DJF | 0
HTG | 332 | Haitian Gourde | HTG | 2
DOP | 214 | Dominican Peso | DOP | 2
XPT | 962 | Platinum | XPT | -1
TJS | 972 | Tajikistani Somoni | TJS | 2
MYR | 458 | Malaysian Ringgit | MYR | 2
GNF | 324 | Guinean Franc | GNF | 0
YER | 886 | Yemeni Rial | YER | 2
MNT | 496 | Mongolian Tugrik | MNT | 2
PYG | 600 | Paraguayan Guarani | PYG | 0
GYD | 328 | Guyanaese Dollar | GYD | 2
XAU | 959 | Gold | XAU | -1
ESP | 724 | Spanish Peseta | ESP | 0
TRY | 949 | Turkish Lira | TRY | 2
SKK | 703 | Slovak Koruna | SKK | 2
XUA | 965 | ADB Unit of Account | XUA | -1
KWD | 414 | Kuwaiti Dinar | KWD | 3
XAG | 961 | Silver | XAG | -1
GHS | 936 | Ghanaian Cedi | GHS | 2
ETB | 230 | Ethiopian Birr | ETB | 2
SHP | 654 | Saint Helena Pound | SHP | 2
USD | 840 | US Dollar | USD | 2
AUD | 36 | Australian Dollar | AUD | 2
ZWL | 932 | Zimbabwean Dollar (2009) | ZWL | 2
TPE | 626 | Timorese Escudo | TPE | 0
BAM | 977 | Bosnia-Herzegovina Convertible Mark | BAM | 2
SBD | 90 | Solomon Islands Dollar | SBD | 2
ZAR | 710 | South African Rand | ZAR | 2
TMM | 795 | Turkmenistani Manat (1993-2009) | TMM | 2
USN | 997 | US Dollar (Next day) | USN | 2
ZWN | 942 | ZWN | ZWN | 2
NAD | 516 | Namibian Dollar | NAD | 2
MXV | 979 | Mexican Investment Unit | MXV | 2
RSD | 941 | Serbian Dinar | RSD | 2
CUP | 192 | Cuban Peso | CUP | 2
KZT | 398 | Kazakhstani Tenge | KZT | 2
XFO | 0 | French Gold Franc | XFO | -1
VEB | 862 | Venezuelan Bolívar (1871-2008) | VEB | 2
CDF | 976 | Congolese Franc | CDF | 2
ISK | 352 | Icelandic Króna | ISK | 0
MAD | 504 | Moroccan Dirham | MAD | 2
INR | 356 | Indian Rupee | INR | 2
LUF | 442 | Luxembourgian Franc | LUF | 0
EUR | 978 | Euro | EUR | 2
MZM | 508 | Mozambican Metical (1980-2006) | MZM | 2
SLL | 694 | Sierra Leonean Leone | SLL | 2
AFA | 4 | Afghan Afghani (1927-2002) | AFA | 2
KRW | 410 | South Korean Won | KRW | 0
SGD | 702 | Singapore Dollar | SGD | 2
HKD | 344 | Hong Kong Dollar | HKD | 2
VUV | 548 | Vanuatu Vatu | VUV | 0
AZN | 944 | Azerbaijani Manat | AZN | 2
EGP | 818 | Egyptian Pound | EGP | 2
SZL | 748 | Swazi Lilangeni | SZL | 2
BND | 96 | Brunei Dollar | BND | 2
BGN | 975 | Bulgarian Lev | BGN | 2
BEF | 56 | Belgian Franc | BEF | 0
MUR | 480 | Mauritian Rupee | MUR | 2
BDT | 50 | Bangladeshi Taka | BDT | 2
ZWR | 935 | Zimbabwean Dollar (2008) | ZWR | 2
COP | 170 | Colombian Peso | COP | 2
NPR | 524 | Nepalese Rupee | NPR | 2
PKR | 586 | Pakistani Rupee | PKR | 2
BRL | 986 | Brazilian Real | BRL | 2
ZMK | 894 | Zambian Kwacha | ZMK | 2
BZD | 84 | Belize Dollar | BZD | 2
AZM | 31 | Azerbaijani Manat (1993-2006) | AZM | 2
SIT | 705 | Slovenian Tolar | SIT | 2
AWG | 533 | Aruban Florin | AWG | 2
BMD | 60 | Bermudan Dollar | BMD | 2
CVE | 132 | Cape Verdean Escudo | CVE | 2
FJD | 242 | Fijian Dollar | FJD | 2
AOA | 973 | Angolan Kwanza | AOA | 2
JOD | 400 | Jordanian Dinar | JOD | 3
NOK | 578 | Norwegian Krone | NOK | 2
UZS | 860 | Uzbekistan Som | UZS | 2
MMK | 104 | Myanma Kyat | MMK | 2
YUM | 891 | Yugoslavian New Dinar (1994-2002) | YUM | 2
USS | 998 | US Dollar (Same day) | USS | 2
LVL | 428 | Latvian Lats | LVL | 2
BOB | 68 | Bolivian Boliviano | BOB | 2



